Unnamed: 0,continent,country,population,day,time,cases_new,cases_active,cases_critical,cases_recovered,cases_1M_pop,cases_total,deaths_new,deaths_1M_pop,deaths_total,tests1M_pop,teststotal
0,South-America,Falkland-Islands,3539.0,2024-07-10,2024-07-10T12:30:31+00:00,,0.0,,1930.0,545352,1930,,,,2439107,8632.0
1,North-America,Montserrat,4965.0,2024-07-10,2024-07-10T12:30:31+00:00,,19.0,,1376.0,282578,1403,,1611,8.0,3577442,17762.0
2,,Diamond-Princess,,2024-07-10,2024-07-10T12:30:31+00:00,,0.0,,699.0,,712,,,13.0,,
3,Europe,Vatican-City,799.0,2024-07-10,2024-07-10T12:30:31+00:00,,0.0,,29.0,36295,29,,,,,
4,Africa,Western-Sahara,626161.0,2024-07-10,2024-07-10T12:30:31+00:00,,0.0,,9.0,16,10,,2,1.0,,
5,,MS-Zaandam,,2024-07-10,2024-07-10T12:30:31+00:00,,0.0,,7.0,,9,,,2.0,,
6,Asia,China,1448471400.0,2024-07-10,2024-07-10T12:30:31+00:00,,118977.0,,379053.0,347,503302,,4,5272.0,110461,160000000.0
7,Oceania,Tokelau,1378.0,2024-07-10,2024-07-10T12:30:31+00:00,,80.0,,,58055,80,,,,,
8,Oceania,Niue,1622.0,2024-07-10,2024-07-10T12:30:31+00:00,,3.0,,1056.0,652898,1059,,,,,
9,Africa,Saint-Helena,6115.0,2024-07-10,2024-07-10T12:30:30+00:00,,2164.0,,2.0,354211,2166,,,,,
10,Oceania,Nauru,10903.0,2024-07-10,2024-07-10T12:30:30+00:00,,45.0,,5347.0,494635,5393,,92,1.0,1881042,20509.0
11,Africa,Chad,17413580.0,2024-07-10,2024-07-10T12:30:30+00:00,,2633.0,,4874.0,442,7701,,11,194.0,10988,191341.0
12,Oceania,Wallis-and-Futuna,10982.0,2024-07-10,2024-07-10T12:30:30+00:00,,3104.0,,438.0,323256,3550,,728,8.0,1867419,20508.0
13,North-America,St-Barth,9945.0,2024-07-10,2024-07-10T12:30:30+00:00,,,,,553746,5507,,603,6.0,7908095,78646.0
14,North-America,Saint-Kitts-and-Nevis,53871.0,2024-07-10,2024-07-10T12:30:30+00:00,,0.0,,6559.0,122645,6607,,891,48.0,2356704,126958.0
15,Oceania,Kiribati,123419.0,2024-07-10,2024-07-10T12:30:30+00:00,,2358.0,3.0,2703.0,41201,5085,,194,24.0,,
16,North-America,British-Virgin-Islands,30596.0,2024-07-10,2024-07-10T12:30:30+00:00,,,,,241600,7392,,2092,64.0,3508269,107339.0
17,Oceania,Cook-Islands,17571.0,2024-07-10,2024-07-10T12:30:30+00:00,,51.0,,7150.0,409937,7203,,114,2.0,1120596,19690.0
18,Africa,Sao-Tome-and-Principe,227679.0,2024-07-10,2024-07-10T12:30:30+00:00,,13.0,,6685.0,29770,6778,,351,80.0,130008,29600.0
19,North-America,Turks-and-Caicos,39741.0,2024-07-10,2024-07-10T12:30:30+00:00,,3.0,4.0,6709.0,169900,6752,,1007,40.0,15520193,616788.0
20,Oceania,Palau,18233.0,2024-07-10,2024-07-10T12:30:30+00:00,,4.0,,6276.0,344979,6290,,548,10.0,3917841,71434.0
21,North-America,Anguilla,15230.0,2024-07-10,2024-07-10T12:30:30+00:00,,,,,256336,3904,,788,12.0,3373736,51382.0
22,North-America,Saint-Pierre-Miquelon,5759.0,2024-07-10,2024-07-10T12:30:30+00:00,,1001.0,,2449.0,599410,3452,,347,2.0,4410488,25400.0
23,Oceania,Tuvalu,12066.0,2024-07-10,2024-07-10T12:30:30+00:00,,,,,243909,2943,,83,1.0,,
24,Africa,Liberia,5305117.0,2024-07-10,2024-07-10T12:30:29+00:00,,12.0,2.0,7783.0,1525,8090,,56,295.0,26356,139824.0
25,North-America,Antigua-and-Barbuda,99509.0,2024-07-10,2024-07-10T12:30:29+00:00,,6.0,,8954.0,91509,9106,,1467,146.0,189943,18901.0
26,Africa,Sierra-Leone,8306436.0,2024-07-10,2024-07-10T12:30:29+00:00,,,,,937,7779,,15,126.0,31296,259958.0
27,Africa,Comoros,907419.0,2024-07-10,2024-07-10T12:30:28+00:00,,9.0,,8939.0,10038,9109,,177,161.0,,
28,Africa,Guinea-Bissau,2063367.0,2024-07-10,2024-07-10T12:30:28+00:00,,508.0,6.0,8929.0,4659,9614,,86,177.0,70385,145231.0
29,North-America,St-Vincent-Grenadines,111551.0,2024-07-10,2024-07-10T12:30:28+00:00,,57.0,,9493.0,86723,9674,,1112,124.0,1023720,114197.0
30,North-America,Greenland,56973.0,2024-07-10,2024-07-10T12:30:27+00:00,,9189.0,4.0,2761.0,210117,11971,,369,21.0,2894810,164926.0
31,Africa,Eritrea,3662244.0,2024-07-10,2024-07-10T12:30:27+00:00,,0.0,,10086.0,2782,10189,,28,103.0,6470,23693.0
32,Africa,Niger,26083660.0,2024-07-10,2024-07-10T12:30:27+00:00,,729.0,1.0,8890.0,381,9931,,12,312.0,9759,254538.0
33,North-America,Caribbean-Netherlands,26647.0,2024-07-10,2024-07-10T12:30:27+00:00,+3,1168.0,,10476.0,438398,11682,,1426,38.0,1130559,30126.0
34,North-America,Sint-Maarten,43966.0,2024-07-10,2024-07-10T12:30:27+00:00,,54.0,,10905.0,251353,11051,,2093,92.0,1411454,62056.0
35,Asia,Yemen,31154867.0,2024-07-10,2024-07-10T12:30:27+00:00,,662.0,,9124.0,383,11945,,69,2159.0,10579,329592.0
36,Africa,Gambia,2558482.0,2024-07-10,2024-07-10T12:30:26+00:00,+28,65.0,,12189.0,4935,12626,,145,372.0,60851,155686.0
37,Oceania,Vanuatu,321832.0,2024-07-10,2024-07-10T12:30:26+00:00,,29.0,,11976.0,37346,12019,,44,14.0,77606,24976.0
38,Africa,CAR,5016678.0,2024-07-10,2024-07-10T12:30:26+00:00,,127.0,2.0,15200.0,3078,15440,,23,113.0,16205,81294.0
39,North-America,Saint-Martin,39730.0,2024-07-10,2024-07-10T12:30:26+00:00,,,,,310194,12324,,1586,63.0,2828643,112382.0
40,Africa,Djibouti,1016097.0,2024-07-10,2024-07-10T12:30:25+00:00,,74.0,,15427.0,15441,15690,,186,189.0,301094,305941.0
41,Oceania,Tonga,107749.0,2024-07-10,2024-07-10T12:30:25+00:00,,1299.0,,15638.0,157310,16950,,121,13.0,4965327,535009.0
42,Oceania,Marshall-Islands,60057.0,2024-07-10,2024-07-10T12:30:25+00:00,,0.0,,16121.0,268711,16138,,283,17.0,,
43,North-America,Dominica,72344.0,2024-07-10,2024-07-10T12:30:25+00:00,,0.0,,15964.0,221691,16038,,1023,74.0,3170187,229344.0
44,North-America,Nicaragua,6779100.0,2024-07-10,2024-07-10T12:30:24+00:00,,14041.0,,4225.0,2728,18491,,33,225.0,,
45,Asia,Tajikistan,9957464.0,2024-07-10,2024-07-10T12:30:24+00:00,,397.0,,17264.0,1786,17786,,13,125.0,,
46,Africa,Equatorial-Guinea,1496662.0,2024-07-10,2024-07-10T12:30:24+00:00,+7,139.0,5.0,16907.0,11512,17229,,122,183.0,244342,365697.0
47,North-America,Bermuda,61939.0,2024-07-10,2024-07-10T12:30:24+00:00,+11,10.0,,18685.0,304493,18860,+2,2664,165.0,16622128,1029558.0
48,North-America,Grenada,113475.0,2024-07-10,2024-07-10T12:30:24+00:00,+10,97.0,4.0,19358.0,173545,19693,,2097,238.0,1612523,182981.0
49,Europe,Gibraltar,33704.0,2024-07-10,2024-07-10T12:30:24+00:00,,,,,609720,20550,,3353,113.0,15852213,534283.0
50,Africa,South-Sudan,11618511.0,2024-07-10,2024-07-10T12:30:24+00:00,,557.0,1.0,18115.0,1620,18819,,13,147.0,35313,410280.0
51,Europe,Monaco,39783.0,2024-07-10,2024-07-10T12:30:24+00:00,,,,,431868,17181,,1684,67.0,1976875,78646.0
52,Oceania,Samoa,202239.0,2024-07-10,2024-07-10T12:30:24+00:00,,15370.0,,1605.0,84089,17006,,153,31.0,926612,187397.0
53,Africa,Congo,5797805.0,2024-07-10,2024-07-10T12:30:23+00:00,,983.0,,24006.0,4377,25375,,67,386.0,59991,347815.0
54,Africa,Somalia,16841795.0,2024-07-10,2024-07-10T12:30:23+00:00,+10,12791.0,,13182.0,1623,27334,,81,1361.0,23778,400466.0
55,Asia,Timor-Leste,1369429.0,2024-07-10,2024-07-10T12:30:23+00:00,,220.0,,23102.0,17131,23460,,101,138.0,203391,278529.0
56,Oceania,Micronesia,117489.0,2024-07-10,2024-07-10T12:30:23+00:00,,,,,225953,26547,,553,65.0,701598,82430.0
57,Europe,San-Marino,34085.0,2024-07-10,2024-07-10T12:30:23+00:00,,46.0,,26011.0,768226,26185,,3755,128.0,5775414,196855.0
58,Oceania,Solomon-Islands,721159.0,2024-07-10,2024-07-10T12:30:23+00:00,,,,,35989,25954,,276,199.0,,
59,Africa,Burkina-Faso,22102838.0,2024-07-10,2024-07-10T12:30:23+00:00,,118.0,,21596.0,1001,22114,,18,400.0,11265,248995.0
60,Europe,Liechtenstein,38387.0,2024-07-10,2024-07-10T12:30:23+00:00,,,,,562013,21574,,2449,94.0,2929559,112457.0
61,North-America,Cayman-Islands,67277.0,2024-07-10,2024-07-10T12:30:22+00:00,,22882.0,1.0,8553.0,467797,31472,,550,37.0,3311280,222773.0
62,North-America,Saint-Lucia,185113.0,2024-07-10,2024-07-10T12:30:22+00:00,,0.0,,29805.0,163225,30215,,2215,410.0,1139752,210983.0
63,Africa,Benin,12784726.0,2024-07-10,2024-07-10T12:30:22+00:00,,26.0,,27847.0,2193,28036,,13,163.0,47268,604310.0
64,Asia,Macao,667490.0,2024-07-10,2024-07-10T12:30:22+00:00,,24063.0,,3487.0,41458,27673,,184,123.0,11760,7850.0
65,Europe,Isle-of-Man,85732.0,2024-07-10,2024-07-10T12:30:21+00:00,,,,,443335,38008,,1353,116.0,1758422,150753.0
66,Africa,Mayotte,286259.0,2024-07-10,2024-07-10T12:30:21+00:00,+19,,,,146815,42027,,657,188.0,618038,176919.0
67,North-America,Bahamas,400516.0,2024-07-10,2024-07-10T12:30:21+00:00,,874.0,1.0,36366.0,95087,38084,,2107,844.0,643767,257839.0
68,Africa,Mauritius,1274727.0,2024-07-10,2024-07-10T12:30:21+00:00,,696.0,,41278.0,33752,43025,,824,1051.0,281374,358675.0
69,Africa,Togo,8680837.0,2024-07-10,2024-07-10T12:30:21+00:00,,1.0,,39281.0,4559,39572,,33,290.0,93908,815204.0
70,Africa,Guinea,13865691.0,2024-07-10,2024-07-10T12:30:21+00:00,,347.0,,37757.0,2782,38572,,34,468.0,47607,660107.0
71,Africa,Lesotho,2175699.0,2024-07-10,2024-07-10T12:30:21+00:00,,9435.0,,25980.0,16610,36138,,332,723.0,198199,431221.0
72,North-America,Haiti,11680283.0,2024-07-10,2024-07-10T12:30:21+00:00,,73.0,,33734.0,2968,34667,,74,860.0,11337,132422.0
73,Europe,Faeroe-Islands,49233.0,2024-07-10,2024-07-10T12:30:21+00:00,,,,,703959,34658,,569,28.0,15802409,778000.0
74,Africa,Mali,21473764.0,2024-07-10,2024-07-10T12:30:21+00:00,,89.0,,32332.0,1544,33164,,35,743.0,37483,804909.0
75,North-America,Cura&ccedil;ao,165529.0,2024-07-10,2024-07-10T12:30:20+00:00,,971.0,3.0,44720.0,277812,45986,,1782,295.0,3000640,496693.0
76,Oceania,Fiji,909466.0,2024-07-10,2024-07-10T12:30:20+00:00,,1006.0,,67226.0,75997,69117,,973,885.0,739866,672883.0
77,North-America,Aruba,107609.0,2024-07-10,2024-07-10T12:30:20+00:00,,1494.0,2.0,42438.0,410969,44224,,2714,292.0,1653068,177885.0
78,Africa,Madagascar,29178077.0,2024-07-10,2024-07-10T12:30:20+00:00,,198.0,,66862.0,2347,68486,,49,1426.0,18210,531329.0
79,Africa,Cabo-Verde,567678.0,2024-07-10,2024-07-10T12:30:20+00:00,,305.0,23.0,63755.0,113580,64477,,735,417.0,707482,401622.0
80,Africa,Sudan,45992020.0,2024-07-10,2024-07-10T12:30:20+00:00,,0.0,,58947.0,1391,63993,,110,5046.0,12240,562941.0
81,Africa,Mauritania,4901981.0,2024-07-10,2024-07-10T12:30:20+00:00,,380.0,,62471.0,13025,63848,,203,997.0,206030,1009957.0
82,Asia,Bhutan,787941.0,2024-07-10,2024-07-10T12:30:20+00:00,,1112.0,,61564.0,79571,62697,,27,21.0,2923739,2303734.0
83,Asia,Syria,19364809.0,2024-07-10,2024-07-10T12:30:20+00:00,,0.0,,54578.0,2982,57743,,163,3165.0,7553,146269.0
84,Africa,Burundi,12624840.0,2024-07-10,2024-07-10T12:30:20+00:00,,1114.0,,53569.0,4334,54721,,3,38.0,27386,345742.0
85,Africa,Seychelles,99426.0,2024-07-10,2024-07-10T12:30:20+00:00,,0.0,,51048.0,515157,51220,,1730,172.0,,
86,Africa,Gabon,2331533.0,2024-07-10,2024-07-10T12:30:20+00:00,,70.0,,48674.0,21038,49051,,132,307.0,695641,1621909.0
87,Europe,Andorra,77463.0,2024-07-10,2024-07-10T12:30:20+00:00,,,,,619844,48015,,2130,165.0,3225256,249838.0
88,Oceania,Papua-New-Guinea,9292169.0,2024-07-10,2024-07-10T12:30:20+00:00,,26.0,,46168.0,5043,46864,,72,670.0,26813,249149.0
89,Africa,Tanzania,63298550.0,2024-07-10,2024-07-10T12:30:20+00:00,,,,,683,43223,,13,846.0,,
90,South-America,French-Guiana,314169.0,2024-07-10,2024-07-10T12:30:19+00:00,+13,86367.0,6.0,11254.0,312065,98041,,1337,420.0,2072951,651257.0
91,Europe,Channel-Islands,176463.0,2024-07-10,2024-07-10T12:30:19+00:00,+91,168.0,,101321.0,576421,101717,,1292,228.0,7099551,1252808.0
92,South-America,Suriname,596831.0,2024-07-10,2024-07-10T12:30:19+00:00,,,,,138378,82588,,2359,1408.0,405822,242207.0
93,Africa,DRC,95240792.0,2024-07-10,2024-07-10T12:30:19+00:00,,13381.0,,84489.0,1043,99338,,15,1468.0,8890,846704.0
94,Africa,Malawi,20180839.0,2024-07-10,2024-07-10T12:30:19+00:00,,,,,4437,89535,,133,2686.0,30959,624784.0
95,Africa,Senegal,17653671.0,2024-07-10,2024-07-10T12:30:19+00:00,,58.0,,87024.0,5044,89053,,112,1971.0,64946,1146543.0
96,Africa,Ivory-Coast,27742298.0,2024-07-10,2024-07-10T12:30:19+00:00,,52.0,,87497.0,3186,88384,,30,835.0,60951,1690934.0
97,Oceania,New-Caledonia,290915.0,2024-07-10,2024-07-10T12:30:19+00:00,,,,,275214,80064,,1079,314.0,340182,98964.0
98,Oceania,French-Polynesia,284164.0,2024-07-10,2024-07-10T12:30:19+00:00,,,,,278902,79254,,2287,650.0,,
99,Africa,Eswatini,1184817.0,2024-07-10,2024-07-10T12:30:19+00:00,,648.0,,73116.0,63462,75191,,1204,1427.0,885119,1048704.0
100,South-America,Guyana,794045.0,2024-07-10,2024-07-10T12:30:19+00:00,,824.0,,72013.0,93366,74137,,1637,1300.0,923396,733218.0
101,North-America,Belize,412190.0,2024-07-10,2024-07-10T12:30:19+00:00,,,,,173243,71409,,1669,688.0,1397453,576016.0
102,Africa,Uganda,48432863.0,2024-07-10,2024-07-10T12:30:18+00:00,,68086.0,,100431.0,3554,172149,,75,3632.0,62198,3012408.0
103,Africa,Ghana,32395450.0,2024-07-10,2024-07-10T12:30:18+00:00,,2.0,,170425.0,5306,171889,,45,1462.0,78456,2541625.0
104,North-America,Jamaica,2985094.0,2024-07-10,2024-07-10T12:30:18+00:00,,,,,52551,156869,,1258,3756.0,396633,1183986.0
105,Asia,Cambodia,17168639.0,2024-07-10,2024-07-10T12:30:18+00:00,,3.0,,136044.0,8102,139103,,178,3056.0,180062,3091420.0
106,Africa,Rwanda,13600464.0,2024-07-10,2024-07-10T12:30:18+00:00,,11.0,,132039.0,9817,133518,,108,1468.0,442778,6021981.0
107,Africa,Cameroon,27911548.0,2024-07-10,2024-07-10T12:30:18+00:00,,125.0,,123280.0,4492,125379,,71,1974.0,62762,1751774.0
108,Europe,Malta,444033.0,2024-07-10,2024-07-10T12:30:18+00:00,,386.0,,120149.0,273448,121420,,1993,885.0,4888375,2170600.0
109,North-America,Barbados,288023.0,2024-07-10,2024-07-10T12:30:18+00:00,,1283.0,,108647.0,383921,110578,,2250,648.0,2826715,814159.0
110,Africa,Angola,35027343.0,2024-07-10,2024-07-10T12:30:18+00:00,,1971.0,,103419.0,3064,107327,,55,1937.0,42818,1499795.0
111,North-America,El-Salvador,6550389.0,2024-07-10,2024-07-10T12:30:17+00:00,,18215.0,,179410.0,30816,201855,,646,4230.0,398467,2610114.0
112,North-America,Trinidad-and-Tobago,1406585.0,2024-07-10,2024-07-10T12:30:17+00:00,,28.0,,187078.0,136143,191496,,3121,4390.0,649295,913289.0
113,Asia,Maldives,540985.0,2024-07-10,2024-07-10T12:30:17+00:00,,22691.0,25.0,163687.0,345100,186694,,584,316.0,4092223,2213831.0
114,Africa,Namibia,2633874.0,2024-07-10,2024-07-10T12:30:17+00:00,,1184.0,,167099.0,65451,172389,,1559,4106.0,403460,1062663.0
115,Asia,Uzbekistan,34382084.0,2024-07-10,2024-07-10T12:30:16+00:00,+136,10539.0,23.0,241486.0,7378,253662,,48,1637.0,40077,1377915.0
116,Asia,Kyrgyzstan,6728271.0,2024-07-10,2024-07-10T12:30:16+00:00,+7,7500.0,131.0,196406.0,30750,206897,,445,2991.0,283460,1907195.0
117,Africa,Algeria,45350148.0,2024-07-10,2024-07-10T12:30:16+00:00,,82068.0,,183061.0,5998,272010,,152,6881.0,5093,230960.0
118,Africa,Nigeria,216746934.0,2024-07-10,2024-07-10T12:30:16+00:00,,4080.0,11.0,259953.0,1233,267188,,15,3155.0,26339,5708974.0
119,Africa,Zimbabwe,15331428.0,2024-07-10,2024-07-10T12:30:16+00:00,,1731.0,12.0,258888.0,17373,266359,,374,5740.0,164744,2525756.0
120,Asia,Afghanistan,40754388.0,2024-07-10,2024-07-10T12:30:16+00:00,,15098.0,,211080.0,5746,234174,,196,7996.0,34125,1390730.0
121,Africa,Mozambique,33089461.0,2024-07-10,2024-07-10T12:30:16+00:00,,2676.0,11.0,228805.0,7064,233731,,68,2250.0,41437,1371127.0
122,North-America,Martinique,374087.0,2024-07-10,2024-07-10T12:30:16+00:00,,,,,615777,230354,,2946,1102.0,2215870,828928.0
123,Asia,Laos,7481023.0,2024-07-10,2024-07-10T12:30:16+00:00,,,,,29270,218970,,101,758.0,164845,1233207.0
124,Europe,Iceland,345393.0,2024-07-10,2024-07-10T12:30:16+00:00,,,,,607731,209906,,663,229.0,5780036,1996384.0
125,North-America,Guadeloupe,399794.0,2024-07-10,2024-07-10T12:30:16+00:00,,,,,508349,203235,,2554,1021.0,2346306,938039.0
126,Asia,Qatar,2979915.0,2024-07-10,2024-07-10T12:30:15+00:00,+28,147.0,16.0,513687.0,172664,514524,,232,690.0,1364257,4065369.0
127,Africa,Libya,7040745.0,2024-07-10,2024-07-10T12:30:15+00:00,,2.0,,500835.0,72048,507274,,914,6437.0,352782,2483848.0
128,Africa,Ethiopia,120812698.0,2024-07-10,2024-07-10T12:30:15+00:00,,5412.0,,488171.0,4148,501157,,63,7574.0,46066,5565340.0
129,Africa,R&eacute;union,908061.0,2024-07-10,2024-07-10T12:30:15+00:00,,,,,544672,494595,,1014,921.0,1766027,1603660.0
130,North-America,Honduras,10221247.0,2024-07-10,2024-07-10T12:30:15+00:00,,,,,46432,474590,,1092,11165.0,162472,1660662.0
131,Asia,Armenia,2971966.0,2024-07-10,2024-07-10T12:30:15+00:00,,7892.0,,435162.0,152031,451831,,2953,8777.0,1091164,3242901.0
132,Europe,Bosnia-and-Herzegovina,3249317.0,2024-07-10,2024-07-10T12:30:15+00:00,,8143.0,,379084.0,124215,403615,,5044,16388.0,580036,1884721.0
133,Asia,Oman,5323993.0,2024-07-10,2024-07-10T12:30:15+00:00,,,,,75028,399449,,869,4628.0,4695724,25000000.0
134,Europe,Luxembourg,642371.0,2024-07-10,2024-07-10T12:30:15+00:00,,,,,609044,391232,,1918,1232.0,7140959,4587145.0
135,Europe,North-Macedonia,2081304.0,2024-07-10,2024-07-10T12:30:15+00:00,,3523.0,,337068.0,168436,350567,,4793,9976.0,1069626,2226216.0
136,Africa,Zambia,19470234.0,2024-07-10,2024-07-10T12:30:15+00:00,,3919.0,,341316.0,17940,349304,,209,4069.0,211244,4112961.0
137,Africa,Kenya,56215221.0,2024-07-10,2024-07-10T12:30:15+00:00,,1132.0,,337309.0,6122,344130,,101,5689.0,70569,3967062.0
138,Asia,Brunei,445431.0,2024-07-10,2024-07-10T12:30:15+00:00,,99893.0,3.0,243601.0,771655,343719,,505,225.0,1611437,717784.0
139,Europe,Albania,2866374.0,2024-07-10,2024-07-10T12:30:15+00:00,,1025.0,,330233.0,116825,334863,,1258,3605.0,677173,1941032.0
140,Africa,Botswana,2441162.0,2024-07-10,2024-07-10T12:30:15+00:00,,788.0,1.0,327049.0,135443,330638,,1147,2801.0,830300,2026898.0
141,Europe,Montenegro,627950.0,2024-07-10,2024-07-10T12:30:15+00:00,,1902.0,,291794.0,472238,296542,,4532,2846.0,4410034,2769281.0
142,South-America,Venezuela,29266991.0,2024-07-10,2024-07-10T12:30:14+00:00,+10,302.0,31.0,546537.0,18885,552695,,200,5856.0,114771,3359014.0
143,Africa,Egypt,106156692.0,2024-07-10,2024-07-10T12:30:14+00:00,,49228.0,122.0,442182.0,4861,516023,,232,24613.0,34792,3693367.0
144,Asia,Saudi-Arabia,35844909.0,2024-07-10,2024-07-10T12:30:14+00:00,,,,,23475,841469,,269,9646.0,1268848,45481735.0
145,South-America,Paraguay,7305843.0,2024-07-10,2024-07-10T12:30:14+00:00,,,,,114648,837602,,2759,20155.0,363751,2657506.0
146,Asia,Azerbaijan,10300205.0,2024-07-10,2024-07-10T12:30:14+00:00,,745.0,,824089.0,81089,835234,,1010,10400.0,752223,7748050.0
147,Asia,Bahrain,1783983.0,2024-07-10,2024-07-10T12:30:14+00:00,,60.0,,727915.0,408944,729549,,882,1574.0,6137138,10948549.0
148,Asia,Cyprus,1223387.0,2024-07-10,2024-07-10T12:30:14+00:00,,0.0,,679745.0,556741,681110,,1116,1365.0,7879860,9640118.0
149,North-America,Dominican-Republic,11056370.0,2024-07-10,2024-07-10T12:30:14+00:00,,190.0,4.0,671316.0,61131,675890,,397,4384.0,338350,3740928.0
150,Asia,Sri-Lanka,21575842.0,2024-07-10,2024-07-10T12:30:14+00:00,,5.0,,655852.0,31181,672754,,783,16897.0,300619,6486117.0
151,Asia,Kuwait,4380326.0,2024-07-10,2024-07-10T12:30:14+00:00,,,,,152308,667158,,587,2570.0,1930391,8455743.0
152,Asia,Myanmar,55227143.0,2024-07-10,2024-07-10T12:30:14+00:00,,2219.0,,620159.0,11622,641873,,353,19495.0,212061,11711514.0
153,Europe,Moldova,4013171.0,2024-07-10,2024-07-10T12:30:14+00:00,,,,,158265,635145,,3044,12218.0,801437,3216305.0
154,Europe,Estonia,1321910.0,2024-07-10,2024-07-10T12:30:14+00:00,,,,,475123,628070,,2270,3001.0,5271239,6968103.0
155,Asia,Palestine,5345541.0,2024-07-10,2024-07-10T12:30:14+00:00,,159.0,,615445.0,116173,621008,,1011,5404.0,575907,3078533.0
156,Europe,Belarus,9432800.0,2024-07-10,2024-07-10T12:30:13+00:00,,1327.0,,985592.0,105381,994037,,755,7118.0,1446722,13646641.0
157,North-America,Cuba,11305652.0,2024-07-10,2024-07-10T12:30:13+00:00,,61.0,,1106660.0,98645,1115251,,754,8530.0,1273936,14402674.0
158,South-America,Ecuador,18113361.0,2024-07-10,2024-07-10T12:30:13+00:00,,0.0,,1034145.0,59083,1070188,,1990,36043.0,170173,3082403.0
159,Asia,UAE,10081785.0,2024-07-10,2024-07-10T12:30:13+00:00,,,,,105837,1067030,,233,2349.0,19910389,200732262.0
160,North-America,Panama,4446964.0,2024-07-10,2024-07-10T12:30:13+00:00,,64.0,16.0,1051102.0,238341,1059893,,1962,8727.0,1772585,7882622.0
161,South-America,Uruguay,3496016.0,2024-07-10,2024-07-10T12:30:13+00:00,,2503.0,18.0,1030944.0,297799,1041111,,2192,7664.0,1749083,6114822.0
162,Asia,Mongolia,3378078.0,2024-07-10,2024-07-10T12:30:13+00:00,,0.0,,1009212.0,299429,1011496,,676,2284.0,1193000,4030048.0
163,Asia,Nepal,30225582.0,2024-07-10,2024-07-10T12:30:13+00:00,,97.0,,991322.0,33199,1003450,,398,12031.0,200088,6047766.0
164,Europe,Latvia,1848837.0,2024-07-10,2024-07-10T12:30:13+00:00,,4384.0,,971406.0,531418,982505,,3632,6715.0,4265272,7885792.0
165,Asia,Jordan,10300869.0,2024-07-10,2024-07-10T12:30:12+00:00,,1868.0,59.0,1731007.0,169597,1746997,,1371,14122.0,1669945,17201885.0
166,Asia,Kazakhstan,19205043.0,2024-07-10,2024-07-10T12:30:12+00:00,+63,14963.0,24.0,1383020.0,73514,1411831,,721,13848.0,602707,11575012.0
167,Europe,Ireland,5020199.0,2024-07-10,2024-07-10T12:30:12+00:00,,170.0,19.0,1724921.0,345521,1734582,,1891,9491.0,2606161,13083449.0
168,Asia,Pakistan,229488994.0,2024-07-10,2024-07-10T12:30:12+00:00,,12583.0,,1538689.0,6893,1581936,,134,30664.0,133292,30589153.0
169,Europe,Finland,5554960.0,2024-07-10,2024-07-10T12:30:12+00:00,,170.0,,1503989.0,272930,1516117,,2153,11958.0,2179850,12108977.0
170,Europe,Norway,5511370.0,2024-07-10,2024-07-10T12:30:12+00:00,,0.0,,1503094.0,273930,1509732,,1204,6638.0,1996315,11002430.0
171,Europe,Lithuania,2661708.0,2024-07-10,2024-07-10T12:30:12+00:00,,431.0,,1387478.0,525154,1397806,,3718,9897.0,3959997,10540357.0
172,Europe,Slovenia,2078034.0,2024-07-10,2024-07-10T12:30:12+00:00,,22.0,,1349424.0,652803,1356546,,3417,7100.0,1370382,2847701.0
173,Europe,Bulgaria,6844597.0,2024-07-10,2024-07-10T12:30:12+00:00,,8159.0,22.0,1292944.0,195753,1339851,,5661,38748.0,1705147,11671043.0
174,Europe,Croatia,4059286.0,2024-07-10,2024-07-10T12:30:12+00:00,,32609.0,,1258432.0,322650,1309728,,4604,18687.0,1394355,5660084.0
175,North-America,Guatemala,18584039.0,2024-07-10,2024-07-10T12:30:12+00:00,,1113.0,5.0,1269891.0,69484,1291293,,1092,20289.0,408622,7593848.0
176,Africa,Morocco,37772756.0,2024-07-10,2024-07-10T12:30:12+00:00,,,,,33860,1278992,,432,16303.0,344191,13001033.0
177,Asia,Lebanon,6684849.0,2024-07-10,2024-07-10T12:30:12+00:00,,145299.0,74.0,1087587.0,186068,1243838,,1638,10952.0,717380,4795578.0
178,North-America,Costa-Rica,5182354.0,2024-07-10,2024-07-10T12:30:12+00:00,,,,,239058,1238883,,1819,9428.0,899158,4659757.0
179,South-America,Bolivia,11992656.0,2024-07-10,2024-07-10T12:30:12+00:00,,12579.0,220.0,1177145.0,101073,1212131,,1868,22407.0,225993,2710261.0
180,Africa,Tunisia,12046656.0,2024-07-10,2024-07-10T12:30:12+00:00,,,,,95741,1153361,,2442,29423.0,416164,5013383.0
181,Africa,South-Africa,60756135.0,2024-07-10,2024-07-10T12:30:11+00:00,+614,61362.0,192.0,3912506.0,67095,4076463,,1689,102595.0,441027,26795090.0
182,South-America,Peru,33684208.0,2024-07-10,2024-07-10T12:30:11+00:00,,0.0,4.0,4350506.0,135751,4572667,,6595,222161.0,1158115,39010194.0
183,Europe,Switzerland,8773637.0,2024-07-10,2024-07-10T12:30:11+00:00,,292.0,,4438309.0,507549,4453053,,1647,14452.0,2716487,23833472.0
184,Asia,Philippines,112508994.0,2024-07-10,2024-07-10T12:30:11+00:00,,6138.0,,4067381.0,36800,4140383,,594,66864.0,320888,36102746.0
185,Europe,Romania,19031335.0,2024-07-10,2024-07-10T12:30:11+00:00,,657.0,21.0,3460149.0,185470,3529735,,3622,68929.0,1511122,28758667.0
186,Europe,Denmark,5834950.0,2024-07-10,2024-07-10T12:30:11+00:00,,0.0,,3174942.0,545636,3183756,,1511,8814.0,22165247,129333107.0
187,Asia,Singapore,5943546.0,2024-07-10,2024-07-10T12:30:11+00:00,,0.0,4.0,3004131.0,505785,3006155,,341,2024.0,4165302,24756666.0
188,Asia,Hong-Kong,7604299.0,2024-07-10,2024-07-10T12:30:11+00:00,,6680.0,,2916005.0,386309,2937609,,1963,14924.0,10011143,76127725.0
189,Europe,Sweden,10218971.0,2024-07-10,2024-07-10T12:30:11+00:00,,230.0,,2726492.0,269511,2754129,,2682,27407.0,1908301,19500873.0
190,Oceania,New-Zealand,4898203.0,2024-07-10,2024-07-10T12:30:11+00:00,,1623.0,,2613791.0,535117,2621111,,1163,5697.0,1586011,7768604.0
191,Europe,Serbia,8653016.0,2024-07-10,2024-07-10T12:30:11+00:00,,389.0,,2596608.0,302213,2615054,,2087,18057.0,1555958,13463733.0
192,Asia,Iraq,42164965.0,2024-07-10,2024-07-10T12:30:11+00:00,,673.0,,2439497.0,58474,2465545,,602,25375.0,463523,19544451.0
193,Europe,Hungary,9606259.0,2024-07-10,2024-07-10T12:30:11+00:00,,29029.0,,2152155.0,232164,2230232,,5106,49048.0,1186160,11394556.0
194,Asia,Bangladesh,167885689.0,2024-07-10,2024-07-10T12:30:11+00:00,,,,,12207,2049377,,176,29493.0,90862,15254399.0
195,Europe,Slovakia,5460193.0,2024-07-10,2024-07-10T12:30:11+00:00,,0.0,23.0,1856381.0,343872,1877605,,3887,21224.0,1364199,7448789.0
196,Asia,Georgia,3968738.0,2024-07-10,2024-07-10T12:30:11+00:00,,,,,469082,1861665,,4317,17132.0,4263340,16920079.0
197,Asia,DPRK,25990679.0,2024-07-10,2024-07-10T12:30:10+00:00,,0.0,,4772739.0,183636,4772813,,3,74.0,,
198,Europe,Ukraine,43192122.0,2024-07-10,2024-07-10T12:30:10+00:00,,0.0,,5445577.0,128681,5557995,,2603,112418.0,754855,32603805.0
199,Europe,Austria,9066710.0,2024-07-10,2024-07-10T12:30:10+00:00,,3811.0,,6054934.0,670727,6081287,,2486,22542.0,23302116,211273524.0
200,Europe,Portugal,10140570.0,2024-07-10,2024-07-10T12:30:10+00:00,,127.0,61.0,5614809.0,556484,5643062,,2774,28126.0,4549993,46139518.0
201,South-America,Chile,19250195.0,2024-07-10,2024-07-10T12:30:10+00:00,,67906.0,7.0,5252450.0,279730,5384853,,3350,64497.0,2617225,50382097.0
202,Asia,Malaysia,33181072.0,2024-07-10,2024-07-10T12:30:10+00:00,,7790.0,11.0,5233268.0,159079,5278406,,1126,37348.0,2066869,68580916.0
203,North-America,Canada,38388419.0,2024-07-10,2024-07-10T12:30:10+00:00,,5744.0,99.0,4881312.0,128843,4946090,,1538,59034.0,1734189,66572774.0
204,Europe,Belgium,11668278.0,2024-07-10,2024-07-10T12:30:10+00:00,,521.0,,4826798.0,416659,4861695,,2946,34376.0,3209915,37454182.0
205,Asia,Israel,9326000.0,2024-07-10,2024-07-10T12:30:10+00:00,,30592.0,,4798473.0,519169,4841772,,1363,12707.0,4436346,41373364.0
206,Asia,Thailand,70078203.0,2024-07-10,2024-07-10T12:30:10+00:00,,42927.0,,4692636.0,68069,4770149,,494,34586.0,246488,17273454.0
207,Europe,Czechia,10736784.0,2024-07-10,2024-07-10T12:30:10+00:00,,318.0,2.0,4715206.0,443246,4759041,,4053,43517.0,5386552,57834241.0
208,Europe,Spain,46719142.0,2024-07-10,2024-07-10T12:30:09+00:00,+702,30634.0,231.0,13762417.0,297840,13914811,+8,2606,121760.0,10082298,471036328.0
209,Europe,UK,68497907.0,2024-07-10,2024-07-10T12:30:09+00:00,,0.0,,24678275.0,363666,24910387,,3389,232112.0,7628357,522526476.0
210,Europe,Russia,145805947.0,2024-07-10,2024-07-10T12:30:09+00:00,,175641.0,,23545818.0,165454,24124215,,2762,402756.0,1875095,273400000.0
211,Asia,Turkey,85561976.0,2024-07-10,2024-07-10T12:30:09+00:00,,,,,201399,17232066,,1194,102174.0,1902052,162743369.0
212,Oceania,Australia,26068792.0,2024-07-10,2024-07-10T12:30:09+00:00,,8716.0,3.0,11820014.0,454687,11853144,,937,24414.0,3142326,81916639.0
213,Asia,Vietnam,98953541.0,2024-07-10,2024-07-10T12:30:09+00:00,,941018.0,,10640971.0,117481,11625195,,437,43206.0,867342,85826548.0
214,Asia,Taiwan,23888595.0,2024-07-10,2024-07-10T12:30:09+00:00,,0.0,,10222518.0,428720,10241523,,796,19005.0,1286903,30742304.0
215,South-America,Argentina,46010234.0,2024-07-10,2024-07-10T12:30:09+00:00,,746.0,,9997258.0,220143,10128845,,2844,130841.0,776264,35716069.0
216,Europe,Netherlands,17211447.0,2024-07-10,2024-07-10T12:30:09+00:00,,195.0,,8612599.0,501747,8635786,,1336,22992.0,1509718,25984435.0
217,North-America,Mexico,131562772.0,2024-07-10,2024-07-10T12:30:09+00:00,,467986.0,,6899865.0,58549,7702809,,2546,334958.0,152124,20013810.0
218,Asia,Iran,86022837.0,2024-07-10,2024-07-10T12:30:09+00:00,,,,,88665,7627186,,1707,146811.0,666338,57320267.0
219,Asia,Indonesia,279134505.0,2024-07-10,2024-07-10T12:30:09+00:00,,20054.0,,6647104.0,24466,6829221,,581,162063.0,408975,114158919.0
220,Europe,Poland,37739785.0,2024-07-10,2024-07-10T12:30:09+00:00,,,,,176524,6661991,,3196,120598.0,1041970,39323709.0
221,South-America,Colombia,51512762.0,2024-07-10,2024-07-10T12:30:09+00:00,,44821.0,342.0,6212152.0,124244,6400173,,2780,143200.0,717327,36951507.0
222,Europe,Greece,10316637.0,2024-07-10,2024-07-10T12:30:09+00:00,,,,,591412,6101379,,3671,37869.0,9909078,102228365.0
223,South-America,South-America,,2024-07-10,2024-07-10T12:30:08+00:00,,2149962.0,8953.0,66683585.0,,70200879,,,1367332.0,,
224,Oceania,Oceania,,2024-07-10,2024-07-10T12:30:08+00:00,,110368.0,31.0,14752388.0,,14895771,,,33015.0,,
225,Africa,Africa,,2024-07-10,2024-07-10T12:30:08+00:00,,511224.0,529.0,12090808.0,,12860924,,,258892.0,,
226,All,All,,2024-07-10,2024-07-10T12:30:08+00:00,0,22123398.0,34794.0,675619811.0,90413,704753890,0,899.4,7010681.0,,
227,North-America,USA,334805269.0,2024-07-10,2024-07-10T12:30:08+00:00,,786167.0,940.0,109814428.0,333985,111820082,,3642,1219487.0,3544901,1186851502.0
228,Asia,India,1406631776.0,2024-07-10,2024-07-10T12:30:08+00:00,,,,,32016,45035393,,379,533570.0,665334,935879495.0
229,Europe,France,65584518.0,2024-07-10,2024-07-10T12:30:08+00:00,,0.0,,39970918.0,612013,40138560,,2556,167642.0,4139547,271490188.0
230,Europe,Germany,83883596.0,2024-07-10,2024-07-10T12:30:08+00:00,,405368.0,,38240600.0,462891,38828995,,2182,183027.0,1458359,122332384.0
231,South-America,Brazil,215353593.0,2024-07-10,2024-07-10T12:30:08+00:00,,1783377.0,,36249161.0,179908,38743918,,3303,711380.0,296146,63776166.0
232,Asia,S-Korea,51329899.0,2024-07-10,2024-07-10T12:30:08+00:00,,0.0,,34535939.0,673523,34571873,,700,35934.0,307892,15804065.0
233,Asia,Japan,125584838.0,2024-07-10,2024-07-10T12:30:08+00:00,,,,,269169,33803572,,595,74694.0,799578,100414883.0
234,Europe,Italy,60262770.0,2024-07-10,2024-07-10T12:30:08+00:00,,165544.0,22.0,26361218.0,443445,26723249,,3261,196487.0,4665010,281126449.0
235,North-America,North-America,,2024-07-10,2024-07-10T12:30:07+00:00,,2528062.0,6095.0,127665129.0,,131889132,,,1695941.0,,
236,Asia,Asia,,2024-07-10,2024-07-10T12:30:07+00:00,,14273512.0,14733.0,205673091.0,,221500265,,,1553662.0,,
237,Europe,Europe,,2024-07-10,2024-07-10T12:30:07+00:00,,2550270.0,4453.0,248754104.0,,253406198,,,2101824.0,,
